PassengerId,Survived,Pclass,Name,Sex,Age,SibSp,Parch,Ticket,Fare,Cabin,Embarked
413,Yes,Upper,"Minahan, Miss. Daisy E",female,33.0,1,0,19928,90.0,C78,Queenstown
92,No,Lower,"Andreasson, Mr. Paul Edvin",male,20.0,0,0,347466,7.8542,,Southampton
724,No,Middle,"Hodges, Mr. Henry Price",male,50.0,0,0,250643,13.0,,Southampton
312,Yes,Upper,"Ryerson, Miss. Emily Borie",female,18.0,2,2,PC 17608,262.375,B57 B59 B63 B66,Cherbourg
723,No,Middle,"Gillespie, Mr. William Henry",male,34.0,0,0,12233,13.0,,Southampton
871,No,Lower,"Balkic, Mr. Cerin",male,26.0,0,0,349248,7.8958,,Southampton
50,No,Lower,"Arnold-Franchi, Mrs. Josef (Josefine Franchi)",female,18.0,1,0,349237,17.8,,Southampton
856,Yes,Lower,"Aks, Mrs. Sam (Leah Rosen)",female,18.0,0,1,392091,9.35,,Southampton
581,Yes,Middle,"Christy, Miss. Julie Rachel",female,25.0,1,1,237789,30.0,,Southampton
567,No,Lower,"Stoytcheff, Mr. Ilia",male,19.0,0,0,349205,7.8958,,Southampton
266,No,Middle,"Reeves, Mr. David",male,36.0,0,0,C.A. 17248,10.5,,Southampton
866,Yes,Middle,"Bystrom, Mrs. (Karolina)",female,42.0,0,0,236852,13.0,,Southampton
57,Yes,Middle,"Rugg, Miss. Emily",female,21.0,0,0,C.A. 31026,10.5,,Southampton
586,Yes,Upper,"Taussig, Miss. Ruth",female,18.0,0,2,110413,79.65,E68,Southampton
500,No,Lower,"Svensson, Mr. Olof",male,24.0,0,0,350035,7.7958,,Southampton
319,Yes,Upper,"Wick, Miss. Mary Natalie",female,31.0,0,2,36928,164.8667,C7,Southampton
468,No,Upper,"Smart, Mr. John Montgomery",male,56.0,0,0,113792,26.55,,Southampton
124,Yes,Middle,"Webber, Miss. Susan",female,32.5,0,0,27267,13.0,E101,Southampton
702,Yes,Upper,"Silverthorne, Mr. Spencer Victor",male,35.0,0,0,PC 17475,26.2875,E24,Southampton
802,Yes,Middle,"Collyer, Mrs. Harvey (Charlotte Annie Tate)",female,31.0,1,1,C.A. 31921,26.25,,Southampton
227,Yes,Middle,"Mellors, Mr. William John",male,19.0,0,0,SW/PP 751,10.5,,Southampton
171,No,Upper,"Van der hoef, Mr. Wyckoff",male,61.0,0,0,111240,33.5,B19,Southampton
252,No,Lower,"Strom, Mrs. Wilhelm (Elna Matilda Persson)",female,29.0,1,1,347054,10.4625,G6,Southampton
707,Yes,Middle,"Kelly, Mrs. Florence ""Fannie""",female,45.0,0,0,223596,13.5,,Southampton
320,Yes,Upper,"Spedden, Mrs. Frederic Oakley (Margaretta Corning Stone)",female,40.0,1,1,16966,134.5,E34,Cherbourg
72,No,Lower,"Goodwin, Miss. Lillian Amy",female,16.0,5,2,CA 2144,46.9,,Southampton
431,Yes,Upper,"Bjornstrom-Steffansson, Mr. Mauritz Hakan",male,28.0,0,0,110564,26.55,C52,Southampton
759,No,Lower,"Theobald, Mr. Thomas Leonard",male,34.0,0,0,363294,8.05,,Southampton
559,Yes,Upper,"Taussig, Mrs. Emil (Tillie Mandelbaum)",female,39.0,1,1,110413,79.65,E67,Southampton
207,No,Lower,"Backstrom, Mr. Karl Alfred",male,32.0,1,0,3101278,15.85,,Southampton
348,Yes,Lower,"Davison, Mrs. Thomas Henry (Mary E Finck)",female,,1,0,386525,16.1,,Southampton
629,No,Lower,"Bostandyeff, Mr. Guentcho",male,26.0,0,0,349224,7.8958,,Southampton
601,Yes,Middle,"Jacobsohn, Mrs. Sidney Samuel (Amy Frances Christy)",female,24.0,2,1,243847,27.0,,Southampton
255,No,Lower,"Rosblom, Mrs. Viktor (Helena Wilhelmina)",female,41.0,0,2,370129,20.2125,,Southampton
448,Yes,Upper,"Seward, Mr. Frederic Kimber",male,34.0,0,0,113794,26.55,,Southampton
125,No,Upper,"White, Mr. Percival Wayland",male,54.0,0,1,35281,77.2875,D26,Southampton
342,Yes,Upper,"Fortune, Miss. Alice Elizabeth",female,24.0,3,2,19950,263.0,C23 C25 C27,Southampton
354,No,Lower,"Arnold-Franchi, Mr. Josef",male,25.0,1,0,349237,17.8,,Southampton
173,Yes,Lower,"Johnson, Miss. Eleanor Ileen",female,1.0,1,1,347742,11.1333,,Southampton
404,No,Lower,"Hakkarainen, Mr. Pekka Pietari",male,28.0,1,0,STON/O2. 3101279,15.85,,Southampton
99,Yes,Middle,"Doling, Mrs. John T (Ada Julia Bone)",female,34.0,0,1,231919,23.0,,Southampton
32,Yes,Upper,"Spencer, Mrs. William Augustus (Marie Eugenie)",female,,1,0,PC 17569,146.5208,B78,Cherbourg
543,No,Lower,"Andersson, Miss. Sigrid Elisabeth",female,11.0,4,2,347082,31.275,,Southampton
602,No,Lower,"Slabenoff, Mr. Petco",male,,0,0,349214,7.8958,,Southampton
550,Yes,Middle,"Davies, Master. John Morgan Jr",male,8.0,1,1,C.A. 33112,36.75,,Southampton
417,Yes,Middle,"Drew, Mrs. James Vivian (Lulu Thorne Christian)",female,34.0,1,1,28220,32.5,,Southampton
151,No,Middle,"Bateman, Rev. Robert James",male,51.0,0,0,S.O.P. 1166,12.525,,Southampton
267,No,Lower,"Panula, Mr. Ernesti Arvid",male,16.0,4,1,3101295,39.6875,,Southampton
654,Yes,Lower,"O'Leary, Miss. Hanora ""Norah""",female,,0,0,330919,7.8292,,Queenstown
237,No,Middle,"Hold, Mr. Stephen",male,44.0,1,0,26707,26.0,,Southampton
344,No,Middle,"Sedgwick, Mr. Charles Frederick Waddington",male,25.0,0,0,244361,13.0,,Southampton
728,Yes,Lower,"Mannion, Miss. Margareth",female,,0,0,36866,7.7375,,Queenstown
737,No,Lower,"Ford, Mrs. Edward (Margaret Ann Watson)",female,48.0,1,3,W./C. 6608,34.375,,Southampton
379,No,Lower,"Betros, Mr. Tannous",male,20.0,0,0,2648,4.0125,,Cherbourg
170,No,Lower,"Ling, Mr. Lee",male,28.0,0,0,1601,56.4958,,Southampton
195,Yes,Upper,"Brown, Mrs. James Joseph (Margaret Tobin)",female,44.0,0,0,PC 17610,27.7208,B4,Cherbourg
779,No,Lower,"Kilgannon, Mr. Thomas J",male,,0,0,36865,7.7375,,Queenstown
6,No,Lower,"Moran, Mr. James",male,,0,0,330877,8.4583,,Queenstown
245,No,Lower,"Attalah, Mr. Sleiman",male,30.0,0,0,2694,7.225,,Cherbourg
696,No,Middle,"Chapman, Mr. Charles Henry",male,52.0,0,0,248731,13.5,,Southampton
434,No,Lower,"Kallio, Mr. Nikolai Erland",male,17.0,0,0,STON/O 2. 3101274,7.125,,Southampton
748,Yes,Middle,"Sinkkonen, Miss. Anna",female,30.0,0,0,250648,13.0,,Southampton
274,No,Upper,"Natsch, Mr. Charles H",male,37.0,0,1,PC 17596,29.7,C118,Cherbourg
153,No,Lower,"Meo, Mr. Alfonzo",male,55.5,0,0,A.5. 11206,8.05,,Southampton
832,Yes,Middle,"Richards, Master. George Sibley",male,0.83,1,1,29106,18.75,,Southampton
378,No,Upper,"Widener, Mr. Harry Elkins",male,27.0,0,2,113503,211.5,C82,Cherbourg
318,No,Middle,"Moraweck, Dr. Ernest",male,54.0,0,0,29011,14.0,,Southampton
842,No,Middle,"Mudd, Mr. Thomas Charles",male,16.0,0,0,S.O./P.P. 3,10.5,,Southampton
676,No,Lower,"Edvardsson, Mr. Gustaf Hjalmar",male,18.0,0,0,349912,7.775,,Southampton
475,No,Lower,"Strandberg, Miss. Ida Sofia",female,22.0,0,0,7553,9.8375,,Southampton
58,No,Lower,"Novel, Mr. Mansouer",male,28.5,0,0,2697,7.2292,,Cherbourg
382,Yes,Lower,"Nakid, Miss. Maria (""Mary"")",female,1.0,0,2,2653,15.7417,,Cherbourg
640,No,Lower,"Thorneycroft, Mr. Percival",male,,1,0,376564,16.1,,Southampton
234,Yes,Lower,"Asplund, Miss. Lillian Gertrud",female,5.0,4,2,347077,31.3875,,Southampton
313,No,Middle,"Lahtinen, Mrs. William (Anna Sylfven)",female,26.0,1,1,250651,26.0,,Southampton
305,No,Lower,"Williams, Mr. Howard Hugh ""Harry""",male,,0,0,A/5 2466,8.05,,Southampton
818,No,Middle,"Mallet, Mr. Albert",male,31.0,1,1,S.C./PARIS 2079,37.0042,,Cherbourg
101,No,Lower,"Petranec, Miss. Matilda",female,28.0,0,0,349245,7.8958,,Southampton
811,No,Lower,"Alexander, Mr. William",male,26.0,0,0,3474,7.8875,,Southampton
806,No,Lower,"Johansson, Mr. Karl Johan",male,31.0,0,0,347063,7.775,,Southampton
749,No,Upper,"Marvin, Mr. Daniel Warner",male,19.0,1,0,113773,53.1,D30,Southampton
461,Yes,Upper,"Anderson, Mr. Harry",male,48.0,0,0,19952,26.55,E12,Southampton
481,No,Lower,"Goodwin, Master. Harold Victor",male,9.0,5,2,CA 2144,46.9,,Southampton
262,Yes,Lower,"Asplund, Master. Edvin Rojj Felix",male,3.0,4,2,347077,31.3875,,Southampton
127,No,Lower,"McMahon, Mr. Martin",male,,0,0,370372,7.75,,Queenstown
279,No,Lower,"Rice, Master. Eric",male,7.0,4,1,382652,29.125,,Queenstown
668,No,Lower,"Rommetvedt, Mr. Knud Paust",male,,0,0,312993,7.775,,Southampton
797,Yes,Upper,"Leader, Dr. Alice (Farnham)",female,49.0,0,0,17465,25.9292,D17,Southampton
261,No,Lower,"Smith, Mr. Thomas",male,,0,0,384461,7.75,,Queenstown
701,Yes,Upper,"Astor, Mrs. John Jacob (Madeleine Talmadge Force)",female,18.0,1,0,PC 17757,227.525,C62 C64,Cherbourg
250,No,Middle,"Carter, Rev. Ernest Courtenay",male,54.0,1,0,244252,26.0,,Southampton
11,Yes,Lower,"Sandstrom, Miss. Marguerite Rut",female,4.0,1,1,PP 9549,16.7,G6,Southampton
293,No,Middle,"Levy, Mr. Rene Jacques",male,36.0,0,0,SC/Paris 2163,12.875,D,Cherbourg
34,No,Middle,"Wheadon, Mr. Edward H",male,66.0,0,0,C.A. 24579,10.5,,Southampton
794,No,Upper,"Hoyt, Mr. William Fisher",male,,0,0,PC 17600,30.6958,,Cherbourg
817,No,Lower,"Heininen, Miss. Wendla Maria",female,23.0,0,0,STON/O2. 3101290,7.925,,Southampton
167,Yes,Upper,"Chibnall, Mrs. (Edith Martha Bowerman)",female,,0,1,113505,55.0,E33,Southampton
187,Yes,Lower,"O'Brien, Mrs. Thomas (Johanna ""Hannah"" Godfrey)",female,,1,0,370365,15.5,,Queenstown
454,Yes,Upper,"Goldenberg, Mr. Samuel L",male,49.0,1,0,17453,89.1042,C92,Cherbourg
339,Yes,Lower,"Dahl, Mr. Karl Edwart",male,45.0,0,0,7598,8.05,,Southampton
44,Yes,Middle,"Laroche, Miss. Simonne Marie Anne Andree",female,3.0,1,2,SC/Paris 2123,41.5792,,Cherbourg
824,Yes,Lower,"Moor, Mrs. (Beila)",female,27.0,0,1,392096,12.475,E121,Southampton
589,No,Lower,"Gilinski, Mr. Eliezer",male,22.0,0,0,14973,8.05,,Southampton
678,Yes,Lower,"Turja, Miss. Anna Sofia",female,18.0,0,0,4138,9.8417,,Southampton
393,No,Lower,"Gustafsson, Mr. Johan Birger",male,28.0,2,0,3101277,7.925,,Southampton
734,No,Middle,"Berriman, Mr. William John",male,23.0,0,0,28425,13.0,,Southampton
834,No,Lower,"Augustsson, Mr. Albert",male,23.0,0,0,347468,7.8542,,Southampton
493,No,Upper,"Molson, Mr. Harry Markland",male,55.0,0,0,113787,30.5,C30,Southampton
213,No,Lower,"Perkin, Mr. John Henry",male,22.0,0,0,A/5 21174,7.25,,Southampton
815,No,Lower,"Tomlin, Mr. Ernest Portage",male,30.5,0,0,364499,8.05,,Southampton
853,No,Lower,"Boulos, Miss. Nourelain",female,9.0,1,1,2678,15.2458,,Cherbourg
525,No,Lower,"Kassem, Mr. Fared",male,,0,0,2700,7.2292,,Cherbourg
752,Yes,Lower,"Moor, Master. Meier",male,6.0,0,1,392096,12.475,E121,Southampton
745,Yes,Lower,"Stranden, Mr. Juho",male,31.0,0,0,STON/O 2. 3101288,7.925,,Southampton
172,No,Lower,"Rice, Master. Arthur",male,4.0,4,1,382652,29.125,,Queenstown
532,No,Lower,"Toufik, Mr. Nakli",male,,0,0,2641,7.2292,,Cherbourg
825,No,Lower,"Panula, Master. Urho Abraham",male,2.0,4,1,3101295,39.6875,,Southampton
168,No,Lower,"Skoog, Mrs. William (Anna Bernhardina Karlsson)",female,45.0,1,4,347088,27.9,,Southampton
308,Yes,Upper,"Penasco y Castellana, Mrs. Victor de Satode (Maria Josefa Perez de Soto y Vallejo)",female,17.0,1,0,PC 17758,108.9,C65,Cherbourg
804,Yes,Lower,"Thomas, Master. Assad Alexander",male,0.42,0,1,2625,8.5167,,Cherbourg
519,Yes,Middle,"Angle, Mrs. William A (Florence ""Mary"" Agnes Hughes)",female,36.0,1,0,226875,26.0,,Southampton
51,No,Lower,"Panula, Master. Juha Niilo",male,7.0,4,1,3101295,39.6875,,Southampton
144,No,Lower,"Burke, Mr. Jeremiah",male,19.0,0,0,365222,6.75,,Queenstown
39,No,Lower,"Vander Planke, Miss. Augusta Maria",female,18.0,2,0,345764,18.0,,Southampton
515,No,Lower,"Coleff, Mr. Satio",male,24.0,0,0,349209,7.4958,,Southampton
760,Yes,Upper,"Rothes, the Countess. of (Lucy Noel Martha Dyer-Edwards)",female,33.0,0,0,110152,86.5,B77,Southampton
751,Yes,Middle,"Wells, Miss. Joan",female,4.0,1,1,29103,23.0,,Southampton
412,No,Lower,"Hart, Mr. Henry",male,,0,0,394140,6.8583,,Queenstown
775,Yes,Middle,"Hocking, Mrs. Elizabeth (Eliza Needs)",female,54.0,1,3,29105,23.0,,Southampton
15,No,Lower,"Vestrom, Miss. Hulda Amanda Adolfina",female,14.0,0,0,350406,7.8542,,Southampton
556,No,Upper,"Wright, Mr. George",male,62.0,0,0,113807,26.55,,Southampton
563,No,Middle,"Norman, Mr. Robert Douglas",male,28.0,0,0,218629,13.5,,Southampton
490,Yes,Lower,"Coutts, Master. Eden Leslie ""Neville""",male,9.0,1,1,C.A. 37671,15.9,,Southampton
731,Yes,Upper,"Allen, Miss. Elisabeth Walton",female,29.0,0,0,24160,211.3375,B5,Southampton
71,No,Middle,"Jenkin, Mr. Stephen Curnow",male,32.0,0,0,C.A. 33111,10.5,,Southampton
499,No,Upper,"Allison, Mrs. Hudson J C (Bessie Waldo Daniels)",female,25.0,1,2,113781,151.55,C22 C26,Southampton
212,Yes,Middle,"Cameron, Miss. Clear Annie",female,35.0,0,0,F.C.C. 13528,21.0,,Southampton
372,No,Lower,"Wiklund, Mr. Jakob Alfred",male,18.0,1,0,3101267,6.4958,,Southampton
826,No,Lower,"Flynn, Mr. John",male,,0,0,368323,6.95,,Queenstown
830,Yes,Upper,"Stone, Mrs. George Nelson (Martha Evelyn)",female,62.0,0,0,113572,80.0,B28,Southampton
259,Yes,Upper,"Ward, Miss. Anna",female,35.0,0,0,PC 17755,512.3292,,Cherbourg
608,Yes,Upper,"Daniel, Mr. Robert Williams",male,27.0,0,0,113804,30.5,,Southampton
530,No,Middle,"Hocking, Mr. Richard George",male,23.0,2,1,29104,11.5,,Southampton
888,Yes,Upper,"Graham, Miss. Margaret Edith",female,19.0,0,0,112053,30.0,B42,Southampton
646,Yes,Upper,"Harper, Mr. Henry Sleeper",male,48.0,1,0,PC 17572,76.7292,D33,Cherbourg
628,Yes,Upper,"Longley, Miss. Gretchen Fiske",female,21.0,0,0,13502,77.9583,D9,Southampton
624,No,Lower,"Hansen, Mr. Henry Damsgaard",male,21.0,0,0,350029,7.8542,,Southampton
516,No,Upper,"Walker, Mr. William Anderson",male,47.0,0,0,36967,34.0208,D46,Southampton
547,Yes,Middle,"Beane, Mrs. Edward (Ethel Clarke)",female,19.0,1,0,2908,26.0,,Southampton
360,Yes,Lower,"Mockler, Miss. Helen Mary ""Ellie""",female,,0,0,330980,7.8792,,Queenstown
511,Yes,Lower,"Daly, Mr. Eugene Patrick",male,29.0,0,0,382651,7.75,,Queenstown
226,No,Lower,"Berglund, Mr. Karl Ivar Sven",male,22.0,0,0,PP 4348,9.35,,Southampton
310,Yes,Upper,"Francatelli, Miss. Laura Mabel",female,30.0,0,0,PC 17485,56.9292,E36,Cherbourg
667,No,Middle,"Butler, Mr. Reginald Fenton",male,25.0,0,0,234686,13.0,,Southampton
288,No,Lower,"Naidenoff, Mr. Penko",male,22.0,0,0,349206,7.8958,,Southampton
118,No,Middle,"Turpin, Mr. William John Robert",male,29.0,1,0,11668,21.0,,Southampton
764,Yes,Upper,"Carter, Mrs. William Ernest (Lucile Polk)",female,36.0,1,2,113760,120.0,B96 B98,Southampton
232,No,Lower,"Larsson, Mr. Bengt Edvin",male,29.0,0,0,347067,7.775,,Southampton
617,No,Lower,"Danbom, Mr. Ernst Gilbert",male,34.0,1,1,347080,14.4,,Southampton
185,Yes,Lower,"Kink-Heilmann, Miss. Luise Gretchen",female,4.0,0,2,315153,22.025,,Southampton
722,No,Lower,"Jensen, Mr. Svend Lauritz",male,17.0,1,0,350048,7.0542,,Southampton
75,Yes,Lower,"Bing, Mr. Lee",male,32.0,0,0,1601,56.4958,,Southampton
95,No,Lower,"Coxon, Mr. Daniel",male,59.0,0,0,364500,7.25,,Southampton
625,No,Lower,"Bowen, Mr. David John ""Dai""",male,21.0,0,0,54636,16.1,,Southampton
869,No,Lower,"van Melkebeke, Mr. Philemon",male,,0,0,345777,9.5,,Southampton
351,No,Lower,"Odahl, Mr. Nils Martin",male,23.0,0,0,7267,9.225,,Southampton
855,No,Middle,"Carter, Mrs. Ernest Courtenay (Lilian Hughes)",female,44.0,1,0,244252,26.0,,Southampton
142,Yes,Lower,"Nysten, Miss. Anna Sofia",female,22.0,0,0,347081,7.75,,Southampton
795,No,Lower,"Dantcheff, Mr. Ristiu",male,25.0,0,0,349203,7.8958,,Southampton
659,No,Middle,"Eitemiller, Mr. George Floyd",male,23.0,0,0,29751,13.0,,Southampton
755,Yes,Middle,"Herman, Mrs. Samuel (Jane Laver)",female,48.0,1,2,220845,65.0,,Southampton
720,No,Lower,"Johnson, Mr. Malkolm Joackim",male,33.0,0,0,347062,7.775,,Southampton
385,No,Lower,"Plotcharsky, Mr. Vasil",male,,0,0,349227,7.8958,,Southampton
713,Yes,Upper,"Taylor, Mr. Elmer Zebley",male,48.0,1,0,19996,52.0,C126,Southampton
796,No,Middle,"Otter, Mr. Richard",male,39.0,0,0,28213,13.0,,Southampton
296,No,Upper,"Lewy, Mr. Ervin G",male,,0,0,PC 17612,27.7208,,Cherbourg
483,No,Lower,"Rouse, Mr. Richard Henry",male,50.0,0,0,A/5 3594,8.05,,Southampton
215,No,Lower,"Kiernan, Mr. Philip",male,,1,0,367229,7.75,,Queenstown
443,No,Lower,"Petterson, Mr. Johan Emil",male,25.0,1,0,347076,7.775,,Southampton
405,No,Lower,"Oreskovic, Miss. Marija",female,20.0,0,0,315096,8.6625,,Southampton
566,No,Lower,"Davies, Mr. Alfred J",male,24.0,2,0,A/4 48871,24.15,,Southampton
224,No,Lower,"Nenkoff, Mr. Christo",male,,0,0,349234,7.8958,,Southampton
590,No,Lower,"Murdlin, Mr. Joseph",male,,0,0,A./5. 3235,8.05,,Southampton
230,No,Lower,"Lefebre, Miss. Mathilde",female,,3,1,4133,25.4667,,Southampton
548,Yes,Middle,"Padro y Manent, Mr. Julian",male,,0,0,SC/PARIS 2146,13.8625,,Cherbourg
605,Yes,Upper,"Homer, Mr. Harry (""Mr E Haven"")",male,35.0,0,0,111426,26.55,,Cherbourg
684,No,Lower,"Goodwin, Mr. Charles Edward",male,14.0,5,2,CA 2144,46.9,,Southampton
873,No,Upper,"Carlsson, Mr. Frans Olof",male,33.0,0,0,695,5.0,B51 B53 B55,Southampton
302,Yes,Lower,"McCoy, Mr. Bernard",male,,2,0,367226,23.25,,Queenstown
365,No,Lower,"O'Brien, Mr. Thomas",male,,1,0,370365,15.5,,Queenstown
132,No,Lower,"Coelho, Mr. Domingos Fernandeo",male,20.0,0,0,SOTON/O.Q. 3101307,7.05,,Southampton
387,No,Lower,"Goodwin, Master. Sidney Leonard",male,1.0,5,2,CA 2144,46.9,,Southampton
317,Yes,Middle,"Kantor, Mrs. Sinai (Miriam Sternin)",female,24.0,1,0,244367,26.0,,Southampton
531,Yes,Middle,"Quick, Miss. Phyllis May",female,2.0,1,1,26360,26.0,,Southampton
208,Yes,Lower,"Albimona, Mr. Nassef Cassem",male,26.0,0,0,2699,18.7875,,Cherbourg
485,Yes,Upper,"Bishop, Mr. Dickinson H",male,25.0,1,0,11967,91.0792,B49,Cherbourg
831,Yes,Lower,"Yasbeck, Mrs. Antoni (Selini Alexander)",female,15.0,1,0,2659,14.4542,,Cherbourg
464,No,Middle,"Milling, Mr. Jacob Christian",male,48.0,0,0,234360,13.0,,Southampton
136,No,Middle,"Richard, Mr. Emile",male,23.0,0,0,SC/PARIS 2133,15.0458,,Cherbourg
771,No,Lower,"Lievens, Mr. Rene Aime",male,24.0,0,0,345781,9.5,,Southampton
827,No,Lower,"Lam, Mr. Len",male,,0,0,1601,56.4958,,Southampton
672,No,Upper,"Davidson, Mr. Thornton",male,31.0,1,0,F.C. 12750,52.0,B71,Southampton
165,No,Lower,"Panula, Master. Eino Viljami",male,1.0,4,1,3101295,39.6875,,Southampton
391,Yes,Upper,"Carter, Mr. William Ernest",male,36.0,1,2,113760,120.0,B96 B98,Southampton
368,Yes,Lower,"Moussa, Mrs. (Mantoura Boulos)",female,,0,0,2626,7.2292,,Cherbourg
689,No,Lower,"Fischer, Mr. Eberhard Thelander",male,18.0,0,0,350036,7.7958,,Southampton
46,No,Lower,"Rogers, Mr. William John",male,,0,0,S.C./A.4. 23567,8.05,,Southampton
400,Yes,Middle,"Trout, Mrs. William H (Jessie L)",female,28.0,0,0,240929,12.65,,Southampton
841,No,Lower,"Alhomaki, Mr. Ilmari Rudolf",male,20.0,0,0,SOTON/O2 3101287,7.925,,Southampton
486,No,Lower,"Lefebre, Miss. Jeannie",female,,3,1,4133,25.4667,,Southampton
552,No,Middle,"Sharp, Mr. Percival James R",male,27.0,0,0,244358,26.0,,Southampton
803,Yes,Upper,"Carter, Master. William Thornton II",male,11.0,1,2,113760,120.0,B96 B98,Southampton
104,No,Lower,"Johansson, Mr. Gustaf Joel",male,33.0,0,0,7540,8.6542,,Southampton
495,No,Lower,"Stanley, Mr. Edward Roland",male,21.0,0,0,A/4 45380,8.05,,Southampton
544,Yes,Middle,"Beane, Mr. Edward",male,32.0,1,0,2908,26.0,,Southampton
497,Yes,Upper,"Eustis, Miss. Elizabeth Mussey",female,54.0,1,0,36947,78.2667,D20,Cherbourg
294,No,Lower,"Haas, Miss. Aloisia",female,24.0,0,0,349236,8.85,,Southampton
77,No,Lower,"Staneff, Mr. Ivan",male,,0,0,349208,7.8958,,Southampton
568,No,Lower,"Palsson, Mrs. Nils (Alma Cornelia Berglund)",female,29.0,0,4,349909,21.075,,Southampton
742,No,Upper,"Cavendish, Mr. Tyrell William",male,36.0,1,0,19877,78.85,C46,Southampton
374,No,Upper,"Ringhini, Mr. Sante",male,22.0,0,0,PC 17760,135.6333,,Cherbourg
439,No,Upper,"Fortune, Mr. Mark",male,64.0,1,4,19950,263.0,C23 C25 C27,Southampton
154,No,Lower,"van Billiard, Mr. Austin Blyler",male,40.5,0,2,A/5. 851,14.5,,Southampton
572,Yes,Upper,"Appleton, Mrs. Edward Dale (Charlotte Lamson)",female,53.0,2,0,11769,51.4792,C101,Southampton
329,Yes,Lower,"Goldsmith, Mrs. Frank John (Emily Alice Brown)",female,31.0,1,1,363291,20.525,,Southampton
265,No,Lower,"Henry, Miss. Delia",female,,0,0,382649,7.75,,Queenstown
879,No,Lower,"Laleff, Mr. Kristo",male,,0,0,349217,7.8958,,Southampton
621,No,Lower,"Yasbeck, Mr. Antoni",male,27.0,1,0,2659,14.4542,,Cherbourg
407,No,Lower,"Widegren, Mr. Carl/Charles Peter",male,51.0,0,0,347064,7.75,,Southampton
270,Yes,Upper,"Bissette, Miss. Amelia",female,35.0,0,0,PC 17760,135.6333,C99,Southampton
129,Yes,Lower,"Peter, Miss. Anna",female,,1,1,2668,22.3583,F E69,Cherbourg
426,No,Lower,"Wiseman, Mr. Phillippe",male,,0,0,A/4. 34244,7.25,,Southampton
847,No,Lower,"Sage, Mr. Douglas Bullen",male,,8,2,CA. 2343,69.55,,Southampton
503,No,Lower,"O'Sullivan, Miss. Bridget Mary",female,,0,0,330909,7.6292,,Queenstown
108,Yes,Lower,"Moss, Mr. Albert Johan",male,,0,0,312991,7.775,,Southampton
131,No,Lower,"Drazenoic, Mr. Jozef",male,33.0,0,0,349241,7.8958,,Cherbourg
361,No,Lower,"Skoog, Mr. Wilhelm",male,40.0,1,4,347088,27.9,,Southampton
205,Yes,Lower,"Cohen, Mr. Gurshon ""Gus""",male,18.0,0,0,A/5 3540,8.05,,Southampton
666,No,Middle,"Hickman, Mr. Lewis",male,32.0,2,0,S.O.C. 14879,73.5,,Southampton
198,No,Lower,"Olsen, Mr. Karl Siegwart Andreas",male,42.0,0,1,4579,8.4042,,Southampton
739,No,Lower,"Ivanoff, Mr. Kanio",male,,0,0,349201,7.8958,,Southampton
352,No,Upper,"Williams-Lambert, Mr. Fletcher Fellows",male,,0,0,113510,35.0,C128,Southampton
27,No,Lower,"Emir, Mr. Farred Chehab",male,,0,0,2631,7.225,,Cherbourg
376,Yes,Upper,"Meyer, Mrs. Edgar Joseph (Leila Saks)",female,,1,0,PC 17604,82.1708,,Cherbourg
188,Yes,Upper,"Romaine, Mr. Charles Hallace (""Mr C Rolmane"")",male,45.0,0,0,111428,26.55,,Southampton
774,No,Lower,"Elias, Mr. Dibo",male,,0,0,2674,7.225,,Cherbourg
652,Yes,Middle,"Doling, Miss. Elsie",female,18.0,0,1,231919,23.0,,Southampton
64,No,Lower,"Skoog, Master. Harald",male,4.0,3,2,347088,27.9,,Southampton
201,No,Lower,"Vande Walle, Mr. Nestor Cyriel",male,28.0,0,0,345770,9.5,,Southampton
209,Yes,Lower,"Carr, Miss. Helen ""Ellen""",female,16.0,0,0,367231,7.75,,Queenstown
100,No,Middle,"Kantor, Mr. Sinai",male,34.0,1,0,244367,26.0,,Southampton
727,Yes,Middle,"Renouf, Mrs. Peter Henry (Lillian Jefferys)",female,30.0,3,0,31027,21.0,,Southampton
881,Yes,Middle,"Shelley, Mrs. William (Imanita Parrish Hall)",female,25.0,0,1,230433,26.0,,Southampton
381,Yes,Upper,"Bidois, Miss. Rosalie",female,42.0,0,0,PC 17757,227.525,,Cherbourg
479,No,Lower,"Karlsson, Mr. Nils August",male,22.0,0,0,350060,7.5208,,Southampton
37,Yes,Lower,"Mamee, Mr. Hanna",male,,0,0,2677,7.2292,,Cherbourg
863,Yes,Upper,"Swift, Mrs. Frederick Joel (Margaret Welles Barron)",female,48.0,0,0,17466,25.9292,D17,Southampton
732,No,Lower,"Hassan, Mr. Houssein G N",male,11.0,0,0,2699,18.7875,,Cherbourg
286,No,Lower,"Stankovic, Mr. Ivan",male,33.0,0,0,349239,8.6625,,Cherbourg
410,No,Lower,"Lefebre, Miss. Ida",female,,3,1,4133,25.4667,,Southampton
687,No,Lower,"Panula, Mr. Jaako Arnold",male,14.0,4,1,3101295,39.6875,,Southampton
2,Yes,Upper,"Cumings, Mrs. John Bradley (Florence Briggs Thayer)",female,38.0,1,0,PC 17599,71.2833,C85,Cherbourg
14,No,Lower,"Andersson, Mr. Anders Johan",male,39.0,1,5,347082,31.275,,Southampton
316,Yes,Lower,"Nilsson, Miss. Helmina Josefina",female,26.0,0,0,347470,7.8542,,Southampton
768,No,Lower,"Mangan, Miss. Mary",female,30.5,0,0,364850,7.75,,Queenstown
159,No,Lower,"Smiljanic, Mr. Mile",male,,0,0,315037,8.6625,,Southampton
199,Yes,Lower,"Madigan, Miss. Margaret ""Maggie""",female,,0,0,370370,7.75,,Queenstown
691,Yes,Upper,"Dick, Mr. Albert Adrian",male,31.0,1,0,17474,57.0,B20,Southampton
135,No,Middle,"Sobey, Mr. Samuel James Hayden",male,25.0,0,0,C.A. 29178,13.0,,Southampton
157,Yes,Lower,"Gilnagh, Miss. Katherine ""Katie""",female,16.0,0,0,35851,7.7333,,Queenstown
864,No,Lower,"Sage, Miss. Dorothy Edith ""Dolly""",female,,8,2,CA. 2343,69.55,,Southampton
711,Yes,Upper,"Mayne, Mlle. Berthe Antonine (""Mrs de Villiers"")",female,24.0,0,0,PC 17482,49.5042,C90,Cherbourg
243,No,Middle,"Coleridge, Mr. Reginald Charles",male,29.0,0,0,W./C. 14263,10.5,,Southampton
843,Yes,Upper,"Serepeca, Miss. Augusta",female,30.0,0,0,113798,31.0,,Cherbourg
81,No,Lower,"Waelens, Mr. Achille",male,22.0,0,0,345767,9.0,,Southampton
218,No,Middle,"Jacobsohn, Mr. Sidney Samuel",male,42.0,1,0,243847,27.0,,Southampton
518,No,Lower,"Ryan, Mr. Patrick",male,,0,0,371110,24.15,,Queenstown
396,No,Lower,"Johansson, Mr. Erik",male,22.0,0,0,350052,7.7958,,Southampton
24,Yes,Upper,"Sloper, Mr. William Thompson",male,28.0,0,0,113788,35.5,A6,Southampton
98,Yes,Upper,"Greenfield, Mr. William Bertram",male,23.0,0,1,PC 17759,63.3583,D10 D12,Cherbourg
710,Yes,Lower,"Moubarek, Master. Halim Gonios (""William George"")",male,,1,1,2661,15.2458,,Cherbourg
324,Yes,Middle,"Caldwell, Mrs. Albert Francis (Sylvia Mae Harbaugh)",female,22.0,1,1,248738,29.0,,Southampton
54,Yes,Middle,"Faunthorpe, Mrs. Lizzie (Elizabeth Anne Wilkinson)",female,29.0,1,0,2926,26.0,,Southampton
192,No,Middle,"Carbines, Mr. William",male,19.0,0,0,28424,13.0,,Southampton
820,No,Lower,"Skoog, Master. Karl Thorsten",male,10.0,3,2,347088,27.9,,Southampton
225,Yes,Upper,"Hoyt, Mr. Frederick Maxfield",male,38.0,1,0,19943,90.0,C93,Southampton
49,No,Lower,"Samaan, Mr. Youssef",male,,2,0,2662,21.6792,,Cherbourg
730,No,Lower,"Ilmakangas, Miss. Pieta Sofia",female,25.0,1,0,STON/O2. 3101271,7.925,,Southampton
645,Yes,Lower,"Baclini, Miss. Eugenie",female,0.75,2,1,2666,19.2583,,Cherbourg
247,No,Lower,"Lindahl, Miss. Agda Thorilda Viktoria",female,25.0,0,0,347071,7.775,,Southampton
829,Yes,Lower,"McCormack, Mr. Thomas Joseph",male,,0,0,367228,7.75,,Queenstown
322,No,Lower,"Danoff, Mr. Yoto",male,27.0,0,0,349219,7.8958,,Southampton
573,Yes,Upper,"Flynn, Mr. John Irwin (""Irving"")",male,36.0,0,0,PC 17474,26.3875,E25,Southampton
290,Yes,Lower,"Connolly, Miss. Kate",female,22.0,0,0,370373,7.75,,Queenstown
636,Yes,Middle,"Davis, Miss. Mary",female,28.0,0,0,237668,13.0,,Southampton
766,Yes,Upper,"Hogeboom, Mrs. John C (Anna Andrews)",female,51.0,1,0,13502,77.9583,D11,Southampton
782,Yes,Upper,"Dick, Mrs. Albert Adrian (Vera Gillespie)",female,17.0,1,0,17474,57.0,B20,Southampton
242,Yes,Lower,"Murphy, Miss. Katherine ""Kate""",female,,1,0,367230,15.5,,Queenstown
789,Yes,Lower,"Dean, Master. Bertram Vere",male,1.0,1,2,C.A. 2315,20.575,,Southampton
458,Yes,Upper,"Kenyon, Mrs. Frederick R (Marion)",female,,1,0,17464,51.8625,D21,Southampton
328,Yes,Middle,"Ball, Mrs. (Ada E Hall)",female,36.0,0,0,28551,13.0,D,Southampton
777,No,Lower,"Tobin, Mr. Roger",male,,0,0,383121,7.75,F38,Queenstown
304,Yes,Middle,"Keane, Miss. Nora A",female,,0,0,226593,12.35,E101,Queenstown
860,No,Lower,"Razi, Mr. Raihed",male,,0,0,2629,7.2292,,Cherbourg
669,No,Lower,"Cook, Mr. Jacob",male,43.0,0,0,A/5 3536,8.05,,Southampton
540,Yes,Upper,"Frolicher, Miss. Hedwig Margaritha",female,22.0,0,2,13568,49.5,B39,Cherbourg
718,Yes,Middle,"Troutt, Miss. Edwina Celia ""Winnie""",female,27.0,0,0,34218,10.5,E101,Southampton
657,No,Lower,"Radeff, Mr. Alexander",male,,0,0,349223,7.8958,,Southampton
686,No,Middle,"Laroche, Mr. Joseph Philippe Lemercier",male,25.0,1,2,SC/Paris 2123,41.5792,,Cherbourg
60,No,Lower,"Goodwin, Master. William Frederick",male,11.0,5,2,CA 2144,46.9,,Southampton
229,No,Middle,"Fahlstrom, Mr. Arne Jonas",male,18.0,0,0,236171,13.0,,Southampton
887,No,Middle,"Montvila, Rev. Juozas",male,27.0,0,0,211536,13.0,,Southampton
773,No,Middle,"Mack, Mrs. (Mary)",female,57.0,0,0,S.O./P.P. 3,10.5,E77,Southampton
808,No,Lower,"Pettersson, Miss. Ellen Natalia",female,18.0,0,0,347087,7.775,,Southampton
679,No,Lower,"Goodwin, Mrs. Frederick (Augusta Tyler)",female,43.0,1,6,CA 2144,46.9,,Southampton
366,No,Lower,"Adahl, Mr. Mauritz Nils Martin",male,30.0,0,0,C 7076,7.25,,Southampton
537,No,Upper,"Butt, Major. Archibald Willingham",male,45.0,0,0,113050,26.55,B38,Southampton
326,Yes,Upper,"Young, Miss. Marie Grice",female,36.0,0,0,PC 17760,135.6333,C32,Cherbourg
695,No,Upper,"Weir, Col. John",male,60.0,0,0,113800,26.55,,Southampton
578,Yes,Upper,"Silvey, Mrs. William Baird (Alice Munger)",female,39.0,1,0,13507,55.9,E44,Southampton
8,No,Lower,"Palsson, Master. Gosta Leonard",male,2.0,3,1,349909,21.075,,Southampton
562,No,Lower,"Sivic, Mr. Husein",male,40.0,0,0,349251,7.8958,,Southampton
244,No,Lower,"Maenpaa, Mr. Matti Alexanteri",male,22.0,0,0,STON/O 2. 3101275,7.125,,Southampton
580,Yes,Lower,"Jussila, Mr. Eiriik",male,32.0,0,0,STON/O 2. 3101286,7.925,,Southampton
538,Yes,Upper,"LeRoy, Miss. Bertha",female,30.0,0,0,PC 17761,106.425,,Cherbourg
254,No,Lower,"Lobb, Mr. William Arthur",male,30.0,1,0,A/5. 3336,16.1,,Southampton
596,No,Lower,"Van Impe, Mr. Jean Baptiste",male,36.0,1,1,345773,24.15,,Southampton
438,Yes,Middle,"Richards, Mrs. Sidney (Emily Hocking)",female,24.0,2,3,29106,18.75,,Southampton
347,Yes,Middle,"Smith, Miss. Marion Elsie",female,40.0,0,0,31418,13.0,,Southampton
403,No,Lower,"Jussila, Miss. Mari Aina",female,21.0,1,0,4137,9.825,,Southampton
43,No,Lower,"Kraeff, Mr. Theodor",male,,0,0,349253,7.8958,,Cherbourg
128,Yes,Lower,"Madsen, Mr. Fridtjof Arne",male,24.0,0,0,C 17369,7.1417,,Southampton
63,No,Upper,"Harris, Mr. Henry Birkhardt",male,45.0,1,0,36973,83.475,C83,Southampton
805,Yes,Lower,"Hedman, Mr. Oskar Arvid",male,27.0,0,0,347089,6.975,,Southampton
334,No,Lower,"Vander Planke, Mr. Leo Edmondus",male,16.0,2,0,345764,18.0,,Southampton
1,No,Lower,"Braund, Mr. Owen Harris",male,22.0,1,0,A/5 21171,7.25,,Southampton
627,No,Middle,"Kirkland, Rev. Charles Leonard",male,57.0,0,0,219533,12.35,,Queenstown
246,No,Upper,"Minahan, Dr. William Edward",male,44.0,2,0,19928,90.0,C78,Queenstown
719,No,Lower,"McEvoy, Mr. Michael",male,,0,0,36568,15.5,,Queenstown
786,No,Lower,"Harmer, Mr. Abraham (David Lishin)",male,25.0,0,0,374887,7.25,,Southampton
402,No,Lower,"Adams, Mr. John",male,26.0,0,0,341826,8.05,,Southampton
357,Yes,Upper,"Bowerman, Miss. Elsie Edith",female,22.0,0,1,113505,55.0,E33,Southampton
610,Yes,Upper,"Shutes, Miss. Elizabeth W",female,40.0,0,0,PC 17582,153.4625,C125,Southampton
276,Yes,Upper,"Andrews, Miss. Kornelia Theodosia",female,63.0,1,0,13502,77.9583,D7,Southampton
418,Yes,Middle,"Silven, Miss. Lyyli Karoliina",female,18.0,0,2,250652,13.0,,Southampton
561,No,Lower,"Morrow, Mr. Thomas Rowan",male,,0,0,372622,7.75,,Queenstown
554,Yes,Lower,"Leeni, Mr. Fahim (""Philip Zenni"")",male,22.0,0,0,2620,7.225,,Cherbourg
785,No,Lower,"Ali, Mr. William",male,25.0,0,0,SOTON/O.Q. 3101312,7.05,,Southampton
26,Yes,Lower,"Asplund, Mrs. Carl Oscar (Selma Augusta Emilia Johansson)",female,38.0,1,5,347077,31.3875,,Southampton
534,Yes,Lower,"Peter, Mrs. Catherine (Catherine Rizk)",female,,0,2,2668,22.3583,,Cherbourg
886,No,Lower,"Rice, Mrs. William (Margaret Norton)",female,39.0,0,5,382652,29.125,,Queenstown
463,No,Upper,"Gee, Mr. Arthur H",male,47.0,0,0,111320,38.5,E63,Southampton
386,No,Middle,"Davies, Mr. Charles Henry",male,18.0,0,0,S.O.C. 14879,73.5,,Southampton
754,No,Lower,"Jonkoff, Mr. Lalio",male,23.0,0,0,349204,7.8958,,Southampton
256,Yes,Lower,"Touma, Mrs. Darwis (Hanne Youssef Razi)",female,29.0,0,2,2650,15.2458,,Cherbourg
642,Yes,Upper,"Sagesser, Mlle. Emma",female,24.0,0,0,PC 17477,69.3,B35,Cherbourg
395,Yes,Lower,"Sandstrom, Mrs. Hjalmar (Agnes Charlotta Bengtsson)",female,24.0,0,2,PP 9549,16.7,G6,Southampton
297,No,Lower,"Hanna, Mr. Mansour",male,23.5,0,0,2693,7.2292,,Cherbourg
867,Yes,Middle,"Duran y More, Miss. Asuncion",female,27.0,1,0,SC/PARIS 2149,13.8583,,Cherbourg
607,No,Lower,"Karaic, Mr. Milan",male,30.0,0,0,349246,7.8958,,Southampton
275,Yes,Lower,"Healy, Miss. Hanora ""Nora""",female,,0,0,370375,7.75,,Queenstown
200,No,Middle,"Yrois, Miss. Henriette (""Mrs Harbeck"")",female,24.0,0,0,248747,13.0,,Southampton
560,Yes,Lower,"de Messemaeker, Mrs. Guillaume Joseph (Emma)",female,36.0,1,0,345572,17.4,,Southampton
470,Yes,Lower,"Baclini, Miss. Helene Barbara",female,0.75,2,1,2666,19.2583,,Cherbourg
35,No,Upper,"Meyer, Mr. Edgar Joseph",male,28.0,1,0,PC 17604,82.1708,,Cherbourg
117,No,Lower,"Connors, Mr. Patrick",male,70.5,0,0,370369,7.75,,Queenstown
315,No,Middle,"Hart, Mr. Benjamin",male,43.0,1,1,F.C.C. 13529,26.25,,Southampton
222,No,Middle,"Bracken, Mr. James H",male,27.0,0,0,220367,13.0,,Southampton
542,No,Lower,"Andersson, Miss. Ingeborg Constanzia",female,9.0,4,2,347082,31.275,,Southampton
650,Yes,Lower,"Stanley, Miss. Amy Zillah Elsie",female,23.0,0,0,CA. 2314,7.55,,Southampton
401,Yes,Lower,"Niskanen, Mr. Juha",male,39.0,0,0,STON/O 2. 3101289,7.925,,Southampton
758,No,Middle,"Bailey, Mr. Percy Andrew",male,18.0,0,0,29108,11.5,,Southampton
744,No,Lower,"McNamee, Mr. Neal",male,24.0,1,0,376566,16.1,,Southampton
311,Yes,Upper,"Hays, Miss. Margaret Bechstein",female,24.0,0,0,11767,83.1583,C54,Cherbourg
564,No,Lower,"Simmons, Mr. John",male,,0,0,SOTON/OQ 392082,8.05,,Southampton
335,Yes,Upper,"Frauenthal, Mrs. Henry William (Clara Heinsheimer)",female,,1,0,PC 17611,133.65,,Southampton
762,No,Lower,"Nirva, Mr. Iisakki Antino Aijo",male,41.0,0,0,SOTON/O2 3101272,7.125,,Southampton
355,No,Lower,"Yousif, Mr. Wazli",male,,0,0,2647,7.225,,Cherbourg
194,Yes,Middle,"Navratil, Master. Michel M",male,3.0,1,1,230080,26.0,F2,Southampton
248,Yes,Middle,"Hamalainen, Mrs. William (Anna)",female,24.0,0,2,250649,14.5,,Southampton
146,No,Middle,"Nicholls, Mr. Joseph Charles",male,19.0,1,1,C.A. 33112,36.75,,Southampton
19,No,Lower,"Vander Planke, Mrs. Julius (Emelia Maria Vandemoortele)",female,31.0,1,0,345763,18.0,,Southampton
593,No,Lower,"Elsbury, Mr. William James",male,47.0,0,0,A/5 3902,7.25,,Southampton
389,No,Lower,"Sadlier, Mr. Matthew",male,,0,0,367655,7.7292,,Queenstown
7,No,Upper,"McCarthy, Mr. Timothy J",male,54.0,0,0,17463,51.8625,E46,Southampton
487,Yes,Upper,"Hoyt, Mrs. Frederick Maxfield (Jane Anne Forby)",female,35.0,1,0,19943,90.0,C93,Southampton
726,No,Lower,"Oreskovic, Mr. Luka",male,20.0,0,0,315094,8.6625,,Southampton
558,No,Upper,"Robbins, Mr. Victor",male,,0,0,PC 17757,227.525,,Cherbourg
36,No,Upper,"Holverson, Mr. Alexander Oskar",male,42.0,1,0,113789,52.0,,Southampton
491,No,Lower,"Hagland, Mr. Konrad Mathias Reiersen",male,,1,0,65304,19.9667,,Southampton
597,Yes,Middle,"Leitch, Miss. Jessie Wills",female,,0,0,248727,33.0,,Southampton
816,No,Upper,"Fry, Mr. Richard",male,,0,0,112058,0.0,B102,Southampton
112,No,Lower,"Zabour, Miss. Hileni",female,14.5,1,0,2665,14.4542,,Cherbourg
78,No,Lower,"Moutal, Mr. Rahamin Haim",male,,0,0,374746,8.05,,Southampton
801,No,Middle,"Ponesell, Mr. Martin",male,34.0,0,0,250647,13.0,,Southampton
59,Yes,Middle,"West, Miss. Constance Mirium",female,5.0,1,2,C.A. 34651,27.75,,Southampton
633,Yes,Upper,"Stahelin-Maeglin, Dr. Max",male,32.0,0,0,13214,30.5,B50,Cherbourg
583,No,Middle,"Downton, Mr. William James",male,54.0,0,0,28403,26.0,,Southampton
631,Yes,Upper,"Barkworth, Mr. Algernon Henry Wilson",male,80.0,0,0,27042,30.0,A23,Southampton
681,No,Lower,"Peters, Miss. Katie",female,,0,0,330935,8.1375,,Queenstown
844,No,Lower,"Lemberopolous, Mr. Peter L",male,34.5,0,0,2683,6.4375,,Cherbourg
708,Yes,Upper,"Calderhead, Mr. Edward Pennington",male,42.0,0,0,PC 17476,26.2875,E24,Southampton
697,No,Lower,"Kelly, Mr. James",male,44.0,0,0,363592,8.05,,Southampton
228,No,Lower,"Lovell, Mr. John Hall (""Henry"")",male,20.5,0,0,A/5 21173,7.25,,Southampton
13,No,Lower,"Saundercock, Mr. William Henry",male,20.0,0,0,A/5. 2151,8.05,,Southampton
143,Yes,Lower,"Hakkarainen, Mrs. Pekka Pietari (Elin Matilda Dolck)",female,24.0,1,0,STON/O2. 3101279,15.85,,Southampton
236,No,Lower,"Harknett, Miss. Alice Phoebe",female,,0,0,W./C. 6609,7.55,,Southampton
68,No,Lower,"Crease, Mr. Ernest James",male,19.0,0,0,S.P. 3464,8.1583,,Southampton
420,No,Lower,"Van Impe, Miss. Catharina",female,10.0,0,2,345773,24.15,,Southampton
756,Yes,Middle,"Hamalainen, Master. Viljo",male,0.67,1,1,250649,14.5,,Southampton
870,Yes,Lower,"Johnson, Master. Harold Theodor",male,4.0,1,1,347742,11.1333,,Southampton
545,No,Upper,"Douglas, Mr. Walter Donald",male,50.0,1,0,PC 17761,106.425,C86,Cherbourg
278,No,Middle,"Parkes, Mr. Francis ""Frank""",male,,0,0,239853,0.0,,Southampton
314,No,Lower,"Hendekovic, Mr. Ignjac",male,28.0,0,0,349243,7.8958,,Southampton
87,No,Lower,"Ford, Mr. William Neal",male,16.0,1,3,W./C. 6608,34.375,,Southampton
163,No,Lower,"Bengtsson, Mr. John Viktor",male,26.0,0,0,347068,7.775,,Southampton
788,No,Lower,"Rice, Master. George Hugh",male,8.0,4,1,382652,29.125,,Queenstown
647,No,Lower,"Cor, Mr. Liudevit",male,19.0,0,0,349231,7.8958,,Southampton
478,No,Lower,"Braund, Mr. Lewis Richard",male,29.0,1,0,3460,7.0458,,Southampton
240,No,Middle,"Hunt, Mr. George Henry",male,33.0,0,0,SCO/W 1585,12.275,,Southampton
211,No,Lower,"Ali, Mr. Ahmed",male,24.0,0,0,SOTON/O.Q. 3101311,7.05,,Southampton
41,No,Lower,"Ahlin, Mrs. Johan (Johanna Persdotter Larsson)",female,40.0,1,0,7546,9.475,,Southampton
778,Yes,Lower,"Emanuel, Miss. Virginia Ethel",female,5.0,0,0,364516,12.475,,Southampton
28,No,Upper,"Fortune, Mr. Charles Alexander",male,19.0,3,2,19950,263.0,C23 C25 C27,Southampton
792,No,Middle,"Gaskell, Mr. Alfred",male,16.0,0,0,239865,26.0,,Southampton
10,Yes,Middle,"Nasser, Mrs. Nicholas (Adele Achem)",female,14.0,1,0,237736,30.0708,,Cherbourg
517,Yes,Middle,"Lemore, Mrs. (Amelia Milley)",female,34.0,0,0,C.A. 34260,10.5,F33,Southampton
626,No,Upper,"Sutton, Mr. Frederick",male,61.0,0,0,36963,32.3208,D50,Southampton
615,No,Lower,"Brocklebank, Mr. William Alfred",male,35.0,0,0,364512,8.05,,Southampton
630,No,Lower,"O'Connell, Mr. Patrick D",male,,0,0,334912,7.7333,,Queenstown
709,Yes,Upper,"Cleaver, Miss. Alice",female,22.0,0,0,113781,151.55,,Southampton
330,Yes,Upper,"Hippach, Miss. Jean Gertrude",female,16.0,0,1,111361,57.9792,B18,Cherbourg
186,No,Upper,"Rood, Mr. Hugh Roscoe",male,,0,0,113767,50.0,A32,Southampton
5,No,Lower,"Allen, Mr. William Henry",male,35.0,0,0,373450,8.05,,Southampton
4,Yes,Upper,"Futrelle, Mrs. Jacques Heath (Lily May Peel)",female,35.0,1,0,113803,53.1,C123,Southampton
121,No,Middle,"Hickman, Mr. Stanley George",male,21.0,2,0,S.O.C. 14879,73.5,,Southampton
332,No,Upper,"Partner, Mr. Austen",male,45.5,0,0,113043,28.5,C124,Southampton
791,No,Lower,"Keane, Mr. Andrew ""Andy""",male,,0,0,12460,7.75,,Queenstown
388,Yes,Middle,"Buss, Miss. Kate",female,36.0,0,0,27849,13.0,,Southampton
204,No,Lower,"Youseff, Mr. Gerious",male,45.5,0,0,2628,7.225,,Cherbourg
619,Yes,Middle,"Becker, Miss. Marion Louise",female,4.0,2,1,230136,39.0,F4,Southampton
440,No,Middle,"Kvillner, Mr. Johan Henrik Johannesson",male,31.0,0,0,C.A. 18723,10.5,,Southampton
473,Yes,Middle,"West, Mrs. Edwy Arthur (Ada Mary Worth)",female,33.0,1,2,C.A. 34651,27.75,,Southampton
70,No,Lower,"Kink, Mr. Vincenz",male,26.0,2,0,315151,8.6625,,Southampton
884,No,Middle,"Banfield, Mr. Frederick James",male,28.0,0,0,C.A./SOTON 34068,10.5,,Southampton
303,No,Lower,"Johnson, Mr. William Cahoone Jr",male,19.0,0,0,LINE,0.0,,Southampton
557,Yes,Upper,"Duff Gordon, Lady. (Lucille Christiana Sutherland) (""Mrs Morgan"")",female,48.0,1,0,11755,39.6,A16,Cherbourg
582,Yes,Upper,"Thayer, Mrs. John Borland (Marian Longstreth Morris)",female,39.0,1,1,17421,110.8833,C68,Cherbourg
477,No,Middle,"Renouf, Mr. Peter Henry",male,34.0,1,0,31027,21.0,,Southampton
587,No,Middle,"Jarvis, Mr. John Denzil",male,47.0,0,0,237565,15.0,,Southampton
798,Yes,Lower,"Osman, Mrs. Mara",female,31.0,0,0,349244,8.6833,,Southampton
613,Yes,Lower,"Murphy, Miss. Margaret Jane",female,,1,0,367230,15.5,,Queenstown
784,No,Lower,"Johnston, Mr. Andrew G",male,,1,2,W./C. 6607,23.45,,Southampton
333,No,Upper,"Graham, Mr. George Edward",male,38.0,0,1,PC 17582,153.4625,C91,Southampton
757,No,Lower,"Carlsson, Mr. August Sigfrid",male,28.0,0,0,350042,7.7958,,Southampton
882,No,Lower,"Markun, Mr. Johann",male,33.0,0,0,349257,7.8958,,Southampton
690,Yes,Upper,"Madill, Miss. Georgette Alexandra",female,15.0,0,1,24160,211.3375,B5,Southampton
323,Yes,Middle,"Slayter, Miss. Hilda Mary",female,30.0,0,0,234818,12.35,,Queenstown
375,No,Lower,"Palsson, Miss. Stina Viola",female,3.0,3,1,349909,21.075,,Southampton
30,No,Lower,"Todoroff, Mr. Lalio",male,,0,0,349216,7.8958,,Southampton
69,Yes,Lower,"Andersson, Miss. Erna Alexandra",female,17.0,4,2,3101281,7.925,,Southampton
115,No,Lower,"Attalah, Miss. Malake",female,17.0,0,0,2627,14.4583,,Cherbourg
520,No,Lower,"Pavlovic, Mr. Stefo",male,32.0,0,0,349242,7.8958,,Southampton
599,No,Lower,"Boulos, Mr. Hanna",male,,0,0,2664,7.225,,Cherbourg
632,No,Lower,"Lundahl, Mr. Johan Svensson",male,51.0,0,0,347743,7.0542,,Southampton
703,No,Lower,"Barbara, Miss. Saiide",female,18.0,0,1,2691,14.4542,,Cherbourg
459,Yes,Middle,"Toomey, Miss. Ellen",female,50.0,0,0,F.C.C. 13531,10.5,,Southampton
169,No,Upper,"Baumann, Mr. John D",male,,0,0,PC 17318,25.925,,Southampton
369,Yes,Lower,"Jermyn, Miss. Annie",female,,0,0,14313,7.75,,Queenstown
526,No,Lower,"Farrell, Mr. James",male,40.5,0,0,367232,7.75,,Queenstown
138,No,Upper,"Futrelle, Mr. Jacques Heath",male,37.0,1,0,113803,53.1,C123,Southampton
113,No,Lower,"Barton, Mr. David John",male,22.0,0,0,324669,8.05,,Southampton
539,No,Lower,"Risien, Mr. Samuel Beard",male,,0,0,364498,14.5,,Southampton
433,Yes,Middle,"Louch, Mrs. Charles Alexander (Alice Adelaide Slow)",female,42.0,1,0,SC/AH 3085,26.0,,Southampton
221,Yes,Lower,"Sunderland, Mr. Victor Francis",male,16.0,0,0,SOTON/OQ 392089,8.05,,Southampton
699,No,Upper,"Thayer, Mr. John Borland",male,49.0,1,1,17421,110.8833,C68,Cherbourg
233,No,Middle,"Sjostedt, Mr. Ernst Adolf",male,59.0,0,0,237442,13.5,,Southampton
62,Yes,Upper,"Icard, Miss. Amelie",female,38.0,0,0,113572,80.0,B28,Southampton
845,No,Lower,"Culumovic, Mr. Jeso",male,17.0,0,0,315090,8.6625,,Southampton
42,No,Middle,"Turpin, Mrs. William John Robert (Dorothy Ann Wonnacott)",female,27.0,1,0,11668,21.0,,Southampton
472,No,Lower,"Cacic, Mr. Luka",male,38.0,0,0,315089,8.6625,,Southampton
675,No,Middle,"Watson, Mr. Ennis Hastings",male,,0,0,239856,0.0,,Southampton
482,No,Middle,"Frost, Mr. Anthony Wood ""Archie""",male,,0,0,239854,0.0,,Southampton
635,No,Lower,"Skoog, Miss. Mabel",female,9.0,3,2,347088,27.9,,Southampton
325,No,Lower,"Sage, Mr. George John Jr",male,,8,2,CA. 2343,69.55,,Southampton
810,Yes,Upper,"Chambers, Mrs. Norman Campbell (Bertha Griggs)",female,33.0,1,0,113806,53.1,E8,Southampton
336,No,Lower,"Denkoff, Mr. Mitto",male,,0,0,349225,7.8958,,Southampton
492,No,Lower,"Windelov, Mr. Einar",male,21.0,0,0,SOTON/OQ 3101317,7.25,,Southampton
618,No,Lower,"Lobb, Mrs. William Arthur (Cordelia K Stanlick)",female,26.0,1,0,A/5. 3336,16.1,,Southampton
861,No,Lower,"Hansen, Mr. Claus Peter",male,41.0,2,0,350026,14.1083,,Southampton
67,Yes,Middle,"Nye, Mrs. (Elizabeth Ramell)",female,29.0,0,0,C.A. 29395,10.5,F33,Southampton
235,No,Middle,"Leyson, Mr. Robert William Norman",male,24.0,0,0,C.A. 29566,10.5,,Southampton
147,Yes,Lower,"Andersson, Mr. August Edvard (""Wennerstrom"")",male,27.0,0,0,350043,7.7958,,Southampton
603,No,Upper,"Harrington, Mr. Charles H",male,,0,0,113796,42.4,,Southampton
606,No,Lower,"Lindell, Mr. Edvard Bengtsson",male,36.0,1,0,349910,15.55,,Southampton
673,No,Middle,"Mitchell, Mr. Henry Michael",male,70.0,0,0,C.A. 24580,10.5,,Southampton
20,Yes,Lower,"Masselmani, Mrs. Fatima",female,,0,0,2649,7.225,,Cherbourg
73,No,Middle,"Hood, Mr. Ambrose Jr",male,21.0,0,0,S.O.C. 14879,73.5,,Southampton
134,Yes,Middle,"Weisz, Mrs. Leopold (Mathilde Francoise Pede)",female,29.0,1,0,228414,26.0,,Southampton
571,Yes,Middle,"Harris, Mr. George",male,62.0,0,0,S.W./PP 752,10.5,,Southampton
765,No,Lower,"Eklund, Mr. Hans Linus",male,16.0,0,0,347074,7.775,,Southampton
47,No,Lower,"Lennon, Mr. Denis",male,,1,0,370371,15.5,,Queenstown
177,No,Lower,"Lefebre, Master. Henry Forbes",male,,3,1,4133,25.4667,,Southampton
876,Yes,Lower,"Najib, Miss. Adele Kiamie ""Jane""",female,15.0,0,0,2667,7.225,,Cherbourg
595,No,Middle,"Chapman, Mr. John Henry",male,37.0,1,0,SC/AH 29037,26.0,,Southampton
126,Yes,Lower,"Nicola-Yarred, Master. Elias",male,12.0,1,0,2651,11.2417,,Cherbourg
120,No,Lower,"Andersson, Miss. Ellis Anna Maria",female,2.0,4,2,347082,31.275,,Southampton
214,No,Middle,"Givard, Mr. Hans Kristensen",male,30.0,0,0,250646,13.0,,Southampton
505,Yes,Upper,"Maioni, Miss. Roberta",female,16.0,0,0,110152,86.5,B79,Southampton
260,Yes,Middle,"Parrish, Mrs. (Lutie Davis)",female,50.0,0,1,230433,26.0,,Southampton
489,No,Lower,"Somerton, Mr. Francis William",male,30.0,0,0,A.5. 18509,8.05,,Southampton
655,No,Lower,"Hegarty, Miss. Hanora ""Nora""",female,18.0,0,0,365226,6.75,,Queenstown
408,Yes,Middle,"Richards, Master. William Rowe",male,3.0,1,1,29106,18.75,,Southampton
541,Yes,Upper,"Crosby, Miss. Harriet R",female,36.0,0,2,WE/P 5735,71.0,B22,Southampton
763,Yes,Lower,"Barah, Mr. Hanna Assi",male,20.0,0,0,2663,7.2292,,Cherbourg
698,Yes,Lower,"Mullens, Miss. Katherine ""Katie""",female,,0,0,35852,7.7333,,Queenstown
283,No,Lower,"de Pelsmaeker, Mr. Alfons",male,16.0,0,0,345778,9.5,,Southampton
82,Yes,Lower,"Sheerlinck, Mr. Jan Baptist",male,29.0,0,0,345779,9.5,,Southampton
663,No,Upper,"Colley, Mr. Edward Pomeroy",male,47.0,0,0,5727,25.5875,E58,Southampton
415,Yes,Lower,"Sundman, Mr. Johan Julian",male,44.0,0,0,STON/O 2. 3101269,7.925,,Southampton
280,Yes,Lower,"Abbott, Mrs. Stanton (Rosa Hunt)",female,35.0,1,1,C.A. 2673,20.25,,Southampton
90,No,Lower,"Celotti, Mr. Francesco",male,24.0,0,0,343275,8.05,,Southampton
872,Yes,Upper,"Beckwith, Mrs. Richard Leonard (Sallie Monypeny)",female,47.0,1,1,11751,52.5542,D35,Southampton
414,No,Middle,"Cunningham, Mr. Alfred Fleming",male,,0,0,239853,0.0,,Southampton
79,Yes,Middle,"Caldwell, Master. Alden Gates",male,0.83,0,2,248738,29.0,,Southampton
890,Yes,Upper,"Behr, Mr. Karl Howell",male,26.0,0,0,111369,30.0,C148,Cherbourg
665,Yes,Lower,"Lindqvist, Mr. Eino William",male,20.0,1,0,STON/O 2. 3101285,7.925,,Southampton
819,No,Lower,"Holm, Mr. John Fredrik Alexander",male,43.0,0,0,C 7075,6.45,,Southampton
149,No,Middle,"Navratil, Mr. Michel (""Louis M Hoffman"")",male,36.5,0,2,230080,26.0,F2,Southampton
735,No,Middle,"Troupiansky, Mr. Moses Aaron",male,23.0,0,0,233639,13.0,,Southampton
444,Yes,Middle,"Reynaldo, Ms. Encarnacion",female,28.0,0,0,230434,13.0,,Southampton
446,Yes,Upper,"Dodge, Master. Washington",male,4.0,0,2,33638,81.8583,A34,Southampton
380,No,Lower,"Gustafsson, Mr. Karl Gideon",male,19.0,0,0,347069,7.775,,Southampton
430,Yes,Lower,"Pickard, Mr. Berk (Berk Trembisky)",male,32.0,0,0,SOTON/O.Q. 392078,8.05,E10,Southampton
747,No,Lower,"Abbott, Mr. Rossmore Edward",male,16.0,1,1,C.A. 2673,20.25,,Southampton
700,No,Lower,"Humblen, Mr. Adolf Mathias Nicolai Olsen",male,42.0,0,0,348121,7.65,F G63,Southampton
510,Yes,Lower,"Lang, Mr. Fang",male,26.0,0,0,1601,56.4958,,Southampton
588,Yes,Upper,"Frolicher-Stehli, Mr. Maxmillian",male,60.0,1,1,13567,79.2,B41,Cherbourg
140,No,Upper,"Giglio, Mr. Victor",male,24.0,0,0,PC 17593,79.2,B86,Cherbourg
828,Yes,Middle,"Mallet, Master. Andre",male,1.0,0,2,S.C./PARIS 2079,37.0042,,Cherbourg
238,Yes,Middle,"Collyer, Miss. Marjorie ""Lottie""",female,8.0,0,2,C.A. 31921,26.25,,Southampton
268,Yes,Lower,"Persson, Mr. Ernst Ulrik",male,25.0,1,0,347083,7.775,,Southampton
622,Yes,Upper,"Kimball, Mr. Edwin Nelson Jr",male,42.0,1,0,11753,52.5542,D19,Southampton
683,No,Lower,"Olsvigen, Mr. Thor Anderson",male,20.0,0,0,6563,9.225,,Southampton
299,Yes,Upper,"Saalfeld, Mr. Adolphe",male,,0,0,19988,30.5,C106,Southampton
529,No,Lower,"Salonen, Mr. Johan Werner",male,39.0,0,0,3101296,7.925,,Southampton
156,No,Upper,"Williams, Mr. Charles Duane",male,51.0,0,1,PC 17597,61.3792,,Cherbourg
370,Yes,Upper,"Aubart, Mme. Leontine Pauline",female,24.0,0,0,PC 17477,69.3,B35,Cherbourg
371,Yes,Upper,"Harder, Mr. George Achilles",male,25.0,1,0,11765,55.4417,E50,Cherbourg
373,No,Lower,"Beavan, Mr. William Thomas",male,19.0,0,0,323951,8.05,,Southampton
736,No,Lower,"Williams, Mr. Leslie",male,28.5,0,0,54636,16.1,,Southampton
18,Yes,Middle,"Williams, Mr. Charles Eugene",male,,0,0,244373,13.0,,Southampton
435,No,Upper,"Silvey, Mr. William Baird",male,50.0,1,0,13507,55.9,E44,Southampton
33,Yes,Lower,"Glynn, Miss. Mary Agatha",female,,0,0,335677,7.75,,Queenstown
139,No,Lower,"Osen, Mr. Olaf Elon",male,16.0,0,0,7534,9.2167,,Southampton
220,No,Middle,"Harris, Mr. Walter",male,30.0,0,0,W/C 14208,10.5,,Southampton
384,Yes,Upper,"Holverson, Mrs. Alexander Oskar (Mary Aline Towner)",female,35.0,1,0,113789,52.0,,Southampton
292,Yes,Upper,"Bishop, Mrs. Dickinson H (Helen Walton)",female,19.0,1,0,11967,91.0792,B49,Cherbourg
91,No,Lower,"Christmann, Mr. Emil",male,29.0,0,0,343276,8.05,,Southampton
648,Yes,Upper,"Simonius-Blumer, Col. Oberst Alfons",male,56.0,0,0,13213,35.5,A26,Cherbourg
456,Yes,Lower,"Jalsevac, Mr. Ivan",male,29.0,0,0,349240,7.8958,,Cherbourg
514,Yes,Upper,"Rothschild, Mrs. Martin (Elizabeth L. Barrett)",female,54.0,1,0,PC 17603,59.4,,Cherbourg
729,No,Middle,"Bryhl, Mr. Kurt Arnold Gottfrid",male,25.0,1,0,236853,26.0,,Southampton
155,No,Lower,"Olsen, Mr. Ole Martin",male,,0,0,Fa 265302,7.3125,,Southampton
857,Yes,Upper,"Wick, Mrs. George Dennick (Mary Hitchcock)",female,45.0,1,1,36928,164.8667,,Southampton
833,No,Lower,"Saad, Mr. Amin",male,,0,0,2671,7.2292,,Cherbourg
289,Yes,Middle,"Hosono, Mr. Masabumi",male,42.0,0,0,237798,13.0,,Southampton
86,Yes,Lower,"Backstrom, Mrs. Karl Alfred (Maria Mathilda Gustafsson)",female,33.0,3,0,3101278,15.85,,Southampton
55,No,Upper,"Ostby, Mr. Engelhart Cornelius",male,65.0,0,1,113509,61.9792,B30,Cherbourg
712,No,Upper,"Klaber, Mr. Herman",male,,0,0,113028,26.55,C124,Southampton
445,Yes,Lower,"Johannesen-Bratthammer, Mr. Bernt",male,,0,0,65306,8.1125,,Southampton
576,No,Lower,"Patchett, Mr. George",male,19.0,0,0,358585,14.5,,Southampton
837,No,Lower,"Pasic, Mr. Jakob",male,21.0,0,0,315097,8.6625,,Southampton
577,Yes,Middle,"Garside, Miss. Ethel",female,34.0,0,0,243880,13.0,,Southampton
725,Yes,Upper,"Chambers, Mr. Norman Campbell",male,27.0,1,0,113806,53.1,E8,Southampton
553,No,Lower,"O'Brien, Mr. Timothy",male,,0,0,330979,7.8292,,Queenstown
74,No,Lower,"Chronopoulos, Mr. Apostolos",male,26.0,1,0,2680,14.4542,,Cherbourg
162,Yes,Middle,"Watt, Mrs. James (Elizabeth ""Bessie"" Inglis Milne)",female,40.0,0,0,C.A. 33595,15.75,,Southampton
620,No,Middle,"Gavey, Mr. Lawrence",male,26.0,0,0,31028,10.5,,Southampton
651,No,Lower,"Mitkoff, Mr. Mito",male,,0,0,349221,7.8958,,Southampton
48,Yes,Lower,"O'Driscoll, Miss. Bridget",female,,0,0,14311,7.75,,Queenstown
25,No,Lower,"Palsson, Miss. Torborg Danira",female,8.0,3,1,349909,21.075,,Southampton
692,Yes,Lower,"Karun, Miss. Manca",female,4.0,0,1,349256,13.4167,,Cherbourg
394,Yes,Upper,"Newell, Miss. Marjorie",female,23.0,1,0,35273,113.275,D36,Cherbourg
428,Yes,Middle,"Phillips, Miss. Kate Florence (""Mrs Kate Louise Phillips Marshall"")",female,19.0,0,0,250655,26.0,,Southampton
105,No,Lower,"Gustafsson, Mr. Anders Vilhelm",male,37.0,2,0,3101276,7.925,,Southampton
506,No,Upper,"Penasco y Castellana, Mr. Victor de Satode",male,18.0,1,0,PC 17758,108.9,C65,Cherbourg
152,Yes,Upper,"Pears, Mrs. Thomas (Edith Wearne)",female,22.0,1,0,113776,66.6,C2,Southampton
880,Yes,Upper,"Potter, Mrs. Thomas Jr (Lily Alexenia Wilson)",female,56.0,0,1,11767,83.1583,C50,Cherbourg
460,No,Lower,"O'Connor, Mr. Maurice",male,,0,0,371060,7.75,,Queenstown
565,No,Lower,"Meanwell, Miss. (Marion Ogden)",female,,0,0,SOTON/O.Q. 392087,8.05,,Southampton
504,No,Lower,"Laitinen, Miss. Kristina Sofia",female,37.0,0,0,4135,9.5875,,Southampton
145,No,Middle,"Andrew, Mr. Edgardo Samuel",male,18.0,0,0,231945,11.5,,Southampton
309,No,Middle,"Abelson, Mr. Samuel",male,30.0,1,0,P/PP 3381,24.0,,Cherbourg
738,Yes,Upper,"Lesurer, Mr. Gustave J",male,35.0,0,0,PC 17755,512.3292,B101,Cherbourg
594,No,Lower,"Bourke, Miss. Mary",female,,0,2,364848,7.75,,Queenstown
164,No,Lower,"Calic, Mr. Jovo",male,17.0,0,0,315093,8.6625,,Southampton
781,Yes,Lower,"Ayoub, Miss. Banoura",female,13.0,0,0,2687,7.2292,,Cherbourg
441,Yes,Middle,"Hart, Mrs. Benjamin (Esther Ada Bloomfield)",female,45.0,1,1,F.C.C. 13529,26.25,,Southampton
889,No,Lower,"Johnston, Miss. Catherine Helen ""Carrie""",female,,1,2,W./C. 6607,23.45,,Southampton
609,Yes,Middle,"Laroche, Mrs. Joseph (Juliette Marie Louise Lafargue)",female,22.0,1,2,SC/Paris 2123,41.5792,,Cherbourg
513,Yes,Upper,"McGough, Mr. James Robert",male,36.0,0,0,PC 17473,26.2875,E25,Southampton
793,No,Lower,"Sage, Miss. Stella Anna",female,,8,2,CA. 2343,69.55,,Southampton
111,No,Upper,"Porter, Mr. Walter Chamberlain",male,47.0,0,0,110465,52.0,C110,Southampton
501,No,Lower,"Calic, Mr. Petar",male,17.0,0,0,315086,8.6625,,Southampton
166,Yes,Lower,"Goldsmith, Master. Frank John William ""Frankie""",male,9.0,0,2,363291,20.525,,Southampton
549,No,Lower,"Goldsmith, Mr. Frank John",male,33.0,1,1,363291,20.525,,Southampton
362,No,Middle,"del Carlo, Mr. Sebastiano",male,29.0,1,0,SC/PARIS 2167,27.7208,,Cherbourg
9,Yes,Lower,"Johnson, Mrs. Oscar W (Elisabeth Vilhelmina Berg)",female,27.0,0,2,347742,11.1333,,Southampton
23,Yes,Lower,"McGowan, Miss. Anna ""Annie""",female,15.0,0,0,330923,8.0292,,Queenstown
45,Yes,Lower,"Devaney, Miss. Margaret Delia",female,19.0,0,0,330958,7.8792,,Queenstown
453,No,Upper,"Foreman, Mr. Benjamin Laventall",male,30.0,0,0,113051,27.75,C111,Cherbourg
383,No,Lower,"Tikkanen, Mr. Juho",male,32.0,0,0,STON/O 2. 3101293,7.925,,Southampton
584,No,Upper,"Ross, Mr. John Hugo",male,36.0,0,0,13049,40.125,A10,Cherbourg
502,No,Lower,"Canavan, Miss. Mary",female,21.0,0,0,364846,7.75,,Queenstown
750,No,Lower,"Connaghton, Mr. Michael",male,31.0,0,0,335097,7.75,,Queenstown
56,Yes,Upper,"Woolner, Mr. Hugh",male,,0,0,19947,35.5,C52,Southampton
76,No,Lower,"Moen, Mr. Sigurd Hansen",male,25.0,0,0,348123,7.65,F G73,Southampton
203,No,Lower,"Johanson, Mr. Jakob Alfred",male,34.0,0,0,3101264,6.4958,,Southampton
677,No,Lower,"Sawyer, Mr. Frederick Charles",male,24.5,0,0,342826,8.05,,Southampton
110,Yes,Lower,"Moran, Miss. Bertha",female,,1,0,371110,24.15,,Queenstown
809,No,Middle,"Meyer, Mr. August",male,39.0,0,0,248723,13.0,,Southampton
349,Yes,Lower,"Coutts, Master. William Loch ""William""",male,3.0,1,1,C.A. 37671,15.9,,Southampton
85,Yes,Middle,"Ilett, Miss. Bertha",female,17.0,0,0,SO/C 14885,10.5,,Southampton
533,No,Lower,"Elias, Mr. Joseph Jr",male,17.0,1,1,2690,7.2292,,Cherbourg
425,No,Lower,"Rosblom, Mr. Viktor Richard",male,18.0,1,1,370129,20.2125,,Southampton
498,No,Lower,"Shellard, Mr. Frederick William",male,,0,0,C.A. 6212,15.1,,Southampton
839,Yes,Lower,"Chip, Mr. Chang",male,32.0,0,0,1601,56.4958,,Southampton
706,No,Middle,"Morley, Mr. Henry Samuel (""Mr Henry Marshall"")",male,39.0,0,0,250655,26.0,,Southampton
197,No,Lower,"Mernagh, Mr. Robert",male,,0,0,368703,7.75,,Queenstown
114,No,Lower,"Jussila, Miss. Katriina",female,20.0,1,0,4136,9.825,,Southampton
182,No,Middle,"Pernot, Mr. Rene",male,,0,0,SC/PARIS 2131,15.05,,Cherbourg
807,No,Upper,"Andrews, Mr. Thomas Jr",male,39.0,0,0,112050,0.0,A36,Southampton
741,Yes,Upper,"Hawksford, Mr. Walter James",male,,0,0,16988,30.0,D45,Southampton
787,Yes,Lower,"Sjoblom, Miss. Anna Sofia",female,18.0,0,0,3101265,7.4958,,Southampton
551,Yes,Upper,"Thayer, Mr. John Borland Jr",male,17.0,0,2,17421,110.8833,C70,Cherbourg
406,No,Middle,"Gale, Mr. Shadrach",male,34.0,1,0,28664,21.0,,Southampton
772,No,Lower,"Jensen, Mr. Niels Peder",male,48.0,0,0,350047,7.8542,,Southampton
575,No,Lower,"Rush, Mr. Alfred George John",male,16.0,0,0,A/4. 20589,8.05,,Southampton
611,No,Lower,"Andersson, Mrs. Anders Johan (Alfrida Konstantia Brogren)",female,39.0,1,5,347082,31.275,,Southampton
509,No,Lower,"Olsen, Mr. Henry Margido",male,28.0,0,0,C 4001,22.525,,Southampton
148,No,Lower,"Ford, Miss. Robina Maggie ""Ruby""",female,9.0,2,2,W./C. 6608,34.375,,Southampton
180,No,Lower,"Leonard, Mr. Lionel",male,36.0,0,0,LINE,0.0,,Southampton
119,No,Upper,"Baxter, Mr. Quigg Edmond",male,24.0,0,1,PC 17558,247.5208,B58 B60,Cherbourg
790,No,Upper,"Guggenheim, Mr. Benjamin",male,46.0,0,0,PC 17593,79.2,B82 B84,Cherbourg
523,No,Lower,"Lahoud, Mr. Sarkis",male,,0,0,2624,7.225,,Cherbourg
96,No,Lower,"Shorney, Mr. Charles Joseph",male,,0,0,374910,8.05,,Southampton
767,No,Upper,"Brewe, Dr. Arthur Jackson",male,,0,0,112379,39.6,,Cherbourg
103,No,Upper,"White, Mr. Richard Frasar",male,21.0,0,1,35281,77.2875,D26,Southampton
849,No,Middle,"Harper, Rev. John",male,28.0,0,1,248727,33.0,,Southampton
660,No,Upper,"Newell, Mr. Arthur Webster",male,58.0,0,2,35273,113.275,D48,Cherbourg
21,No,Middle,"Fynney, Mr. Joseph J",male,35.0,0,0,239865,26.0,,Southampton
585,No,Lower,"Paulner, Mr. Uscher",male,,0,0,3411,8.7125,,Cherbourg
457,No,Upper,"Millet, Mr. Francis Davis",male,65.0,0,0,13509,26.55,E38,Southampton
716,No,Lower,"Soholt, Mr. Peter Andreas Lauritz Andersen",male,19.0,0,0,348124,7.65,F G73,Southampton
522,No,Lower,"Vovk, Mr. Janko",male,22.0,0,0,349252,7.8958,,Southampton
285,No,Upper,"Smith, Mr. Richard William",male,,0,0,113056,26.0,A19,Southampton
345,No,Middle,"Fox, Mr. Stanley Hubert",male,36.0,0,0,229236,13.0,,Southampton
190,No,Lower,"Turcin, Mr. Stjepan",male,36.0,0,0,349247,7.8958,,Southampton
206,No,Lower,"Strom, Miss. Telma Matilda",female,2.0,0,1,347054,10.4625,G6,Southampton
721,Yes,Middle,"Harper, Miss. Annie Jessie ""Nina""",female,6.0,0,1,248727,33.0,,Southampton
367,Yes,Upper,"Warren, Mrs. Frank Manley (Anna Sophia Atkinson)",female,60.0,1,0,110813,75.25,D37,Cherbourg
174,No,Lower,"Sivola, Mr. Antti Wilhelm",male,21.0,0,0,STON/O 2. 3101280,7.925,,Southampton
480,Yes,Lower,"Hirvonen, Miss. Hildur E",female,2.0,0,1,3101298,12.2875,,Southampton
776,No,Lower,"Myhrman, Mr. Pehr Fabian Oliver Malkolm",male,18.0,0,0,347078,7.75,,Southampton
476,No,Upper,"Clifford, Mr. George Quincy",male,,0,0,110465,52.0,A14,Southampton
674,Yes,Middle,"Wilhelms, Mr. Charles",male,31.0,0,0,244270,13.0,,Southampton
219,Yes,Upper,"Bazzani, Miss. Albina",female,32.0,0,0,11813,76.2917,D15,Cherbourg
189,No,Lower,"Bourke, Mr. John",male,40.0,1,1,364849,15.5,,Queenstown
217,Yes,Lower,"Honkanen, Miss. Eliina",female,27.0,0,0,STON/O2. 3101283,7.925,,Southampton
471,No,Lower,"Keefe, Mr. Arthur",male,,0,0,323592,7.25,,Southampton
449,Yes,Lower,"Baclini, Miss. Marie Catherine",female,5.0,2,1,2666,19.2583,,Cherbourg
411,No,Lower,"Sdycoff, Mr. Todor",male,,0,0,349222,7.8958,,Southampton
300,Yes,Upper,"Baxter, Mrs. James (Helene DeLaudeniere Chaput)",female,50.0,0,1,PC 17558,247.5208,B58 B60,Cherbourg
181,No,Lower,"Sage, Miss. Constance Gladys",female,,8,2,CA. 2343,69.55,,Southampton
682,Yes,Upper,"Hassab, Mr. Hammad",male,27.0,0,0,PC 17572,76.7292,D49,Cherbourg
257,Yes,Upper,"Thorne, Mrs. Gertrude Maybelle",female,,0,0,PC 17585,79.2,,Cherbourg
570,Yes,Lower,"Jonsson, Mr. Carl",male,32.0,0,0,350417,7.8542,,Southampton
442,No,Lower,"Hampe, Mr. Leon",male,20.0,0,0,345769,9.5,,Southampton
107,Yes,Lower,"Salkjelsvik, Miss. Anna Kristine",female,21.0,0,0,343120,7.65,,Southampton
122,No,Lower,"Moore, Mr. Leonard Charles",male,,0,0,A4. 54510,8.05,,Southampton
512,No,Lower,"Webber, Mr. James",male,,0,0,SOTON/OQ 3101316,8.05,,Southampton
363,No,Lower,"Barbara, Mrs. (Catherine David)",female,45.0,0,1,2691,14.4542,,Cherbourg
399,No,Middle,"Pain, Dr. Alfred",male,23.0,0,0,244278,10.5,,Southampton
161,No,Lower,"Cribb, Mr. John Hatfield",male,44.0,0,1,371362,16.1,,Southampton
604,No,Lower,"Torber, Mr. Ernst William",male,44.0,0,0,364511,8.05,,Southampton
680,Yes,Upper,"Cardeza, Mr. Thomas Drake Martinez",male,36.0,0,1,PC 17755,512.3292,B51 B53 B55,Cherbourg
733,No,Middle,"Knight, Mr. Robert J",male,,0,0,239855,0.0,,Southampton
623,Yes,Lower,"Nakid, Mr. Sahid",male,20.0,1,1,2653,15.7417,,Cherbourg
469,No,Lower,"Scanlan, Mr. James",male,,0,0,36209,7.725,,Queenstown
838,No,Lower,"Sirota, Mr. Maurice",male,,0,0,392092,8.05,,Southampton
883,No,Lower,"Dahlberg, Miss. Gerda Ulrika",female,22.0,0,0,7552,10.5167,,Southampton
661,Yes,Upper,"Frauenthal, Dr. Henry William",male,50.0,2,0,PC 17611,133.65,,Southampton
891,No,Lower,"Dooley, Mr. Patrick",male,32.0,0,0,370376,7.75,,Queenstown
770,No,Lower,"Gronnestad, Mr. Daniel Danielsen",male,32.0,0,0,8471,8.3625,,Southampton
836,Yes,Upper,"Compton, Miss. Sara Rebecca",female,39.0,1,1,PC 17756,83.1583,E49,Cherbourg
423,No,Lower,"Zimmerman, Mr. Leo",male,29.0,0,0,315082,7.875,,Southampton
634,No,Upper,"Parr, Mr. William Henry Marsh",male,,0,0,112052,0.0,,Southampton
536,Yes,Middle,"Hart, Miss. Eva Miriam",female,7.0,0,2,F.C.C. 13529,26.25,,Southampton
358,No,Middle,"Funk, Miss. Annie Clemmer",female,38.0,0,0,237671,13.0,,Southampton
455,No,Lower,"Peduzzi, Mr. Joseph",male,,0,0,A/5 2817,8.05,,Southampton
704,No,Lower,"Gallagher, Mr. Martin",male,25.0,0,0,36864,7.7417,,Queenstown
821,Yes,Upper,"Hays, Mrs. Charles Melville (Clara Jennings Gregg)",female,52.0,1,1,12749,93.5,B69,Southampton
467,No,Middle,"Campbell, Mr. William",male,,0,0,239853,0.0,,Southampton
851,No,Lower,"Andersson, Master. Sigvard Harald Elias",male,4.0,4,2,347082,31.275,,Southampton
183,No,Lower,"Asplund, Master. Clarence Gustaf Hugo",male,9.0,4,2,347077,31.3875,,Southampton
546,No,Upper,"Nicholson, Mr. Arthur Ernest",male,64.0,0,0,693,26.0,,Southampton
714,No,Lower,"Larsson, Mr. August Viktor",male,29.0,0,0,7545,9.4833,,Southampton
239,No,Middle,"Pengelly, Mr. Frederick William",male,19.0,0,0,28665,10.5,,Southampton
746,No,Upper,"Crosby, Capt. Edward Gifford",male,70.0,1,1,WE/P 5735,71.0,B22,Southampton
116,No,Lower,"Pekoniemi, Mr. Edvard",male,21.0,0,0,STON/O 2. 3101294,7.925,,Southampton
